dimension,keyword
人工智能,人工智能
人工智能,机器学习
人工智能,深度学习
人工智能,神经网络
人工智能,智能算法
人工智能,自然语言处理
人工智能,计算机视觉
人工智能,人脸识别
人工智能,语音识别
人工智能,智能机器人
人工智能,AI
大数据,大数据
大数据,数据挖掘
大数据,数据分析
大数据,数据资产
大数据,数据中心
大数据,数据治理
大数据,数据中台
大数据,数据仓库
大数据,数据安全
大数据,数据驱动
云计算,云计算
云计算,云平台
云计算,云服务
云计算,云存储
云计算,边缘计算
云计算,算力
云计算,混合云
云计算,私有云
云计算,公有云
区块链,区块链
区块链,智能合约
区块链,分布式账本
区块链,数字货币
区块链,数字人民币
区块链,加密技术
区块链,链上
数字技术应用,数字化转型
数字技术应用,数字经济
数字技术应用,互联网+
数字技术应用,信息化
数字技术应用,智能制造
数字技术应用,数字孪生
数字技术应用,电子商务
数字技术应用,跨境电商
数字技术应用,线上化
数字技术应用,智慧物流
数字技术应用,智慧城市
数字技术应用,工业互联网
数字技术应用,数字管理
数字技术应用,数字技术
数字技术应用,智能化
数字技术应用,业财一体
