stock_code,firm_name,industry,year,cnt_人工智能,cnt_大数据,cnt_云计算,cnt_区块链,cnt_数字技术应用,digital_total,n_tokens,digital_ratio,Digital
DEMO001,演示DEMO001股份有限公司,信息技术,2020,1,3,2,1,2,9,211,0.04265402843601896,2.302585092994046
DEMO001,演示DEMO001股份有限公司,信息技术,2021,4,2,0,6,2,14,198,0.0707070707070707,2.70805020110221
DEMO001,演示DEMO001股份有限公司,信息技术,2022,5,2,2,6,5,20,266,0.07518796992481203,3.044522437723423
DEMO001,演示DEMO001股份有限公司,信息技术,2023,5,3,3,3,4,18,288,0.0625,2.9444389791664403
DEMO001,演示DEMO001股份有限公司,信息技术,2024,3,4,0,6,3,16,312,0.05128205128205128,2.833213344056216
DEMO002,演示DEMO002股份有限公司,制造业,2020,1,0,0,1,1,3,107,0.028037383177570093,1.3862943611198906
DEMO002,演示DEMO002股份有限公司,制造业,2021,2,3,0,4,1,10,188,0.05319148936170213,2.3978952727983707
DEMO002,演示DEMO002股份有限公司,制造业,2022,2,0,0,1,3,6,167,0.03592814371257485,1.9459101490553132
DEMO002,演示DEMO002股份有限公司,制造业,2023,5,2,0,3,1,11,211,0.052132701421800945,2.4849066497880004
DEMO002,演示DEMO002股份有限公司,制造业,2024,6,5,2,0,0,13,230,0.05652173913043478,2.6390573296152584
DEMO003,演示DEMO003股份有限公司,批发零售,2020,1,1,0,0,1,3,134,0.022388059701492536,1.3862943611198906
DEMO003,演示DEMO003股份有限公司,批发零售,2021,0,1,0,1,0,2,113,0.017699115044247787,1.0986122886681098
DEMO003,演示DEMO003股份有限公司,批发零售,2022,2,2,1,0,0,5,174,0.028735632183908046,1.791759469228055
DEMO003,演示DEMO003股份有限公司,批发零售,2023,4,1,0,4,1,10,213,0.046948356807511735,2.3978952727983707
DEMO003,演示DEMO003股份有限公司,批发零售,2024,1,1,0,3,1,6,129,0.046511627906976744,1.9459101490553132
DEMO004,演示DEMO004股份有限公司,房地产,2020,0,1,1,0,0,2,114,0.017543859649122806,1.0986122886681098
DEMO004,演示DEMO004股份有限公司,房地产,2021,4,0,0,2,2,8,192,0.041666666666666664,2.1972245773362196
DEMO004,演示DEMO004股份有限公司,房地产,2022,4,0,0,0,0,4,149,0.026845637583892617,1.6094379124341003
DEMO004,演示DEMO004股份有限公司,房地产,2023,0,1,1,2,4,8,186,0.043010752688172046,2.1972245773362196
DEMO004,演示DEMO004股份有限公司,房地产,2024,0,2,1,3,2,8,200,0.04,2.1972245773362196
DEMO005,演示DEMO005股份有限公司,农林牧渔,2020,1,0,0,0,2,3,109,0.027522935779816515,1.3862943611198906
DEMO005,演示DEMO005股份有限公司,农林牧渔,2021,0,0,0,0,0,0,110,0.0,0.0
DEMO005,演示DEMO005股份有限公司,农林牧渔,2022,0,2,0,0,0,2,101,0.019801980198019802,1.0986122886681098
DEMO005,演示DEMO005股份有限公司,农林牧渔,2023,0,1,0,0,0,1,112,0.008928571428571428,0.6931471805599453
DEMO005,演示DEMO005股份有限公司,农林牧渔,2024,0,0,0,0,2,2,110,0.01818181818181818,1.0986122886681098
DEMO006,演示DEMO006股份有限公司,信息技术,2020,1,2,1,4,1,9,228,0.039473684210526314,2.302585092994046
DEMO006,演示DEMO006股份有限公司,信息技术,2021,1,1,2,3,4,11,243,0.04526748971193416,2.4849066497880004
DEMO006,演示DEMO006股份有限公司,信息技术,2022,6,3,5,1,6,21,290,0.07241379310344828,3.091042453358316
DEMO006,演示DEMO006股份有限公司,信息技术,2023,6,1,2,6,2,17,319,0.05329153605015674,2.8903717578961645
DEMO006,演示DEMO006股份有限公司,信息技术,2024,3,6,0,2,2,13,230,0.05652173913043478,2.6390573296152584
DEMO007,演示DEMO007股份有限公司,制造业,2020,0,2,2,5,2,11,212,0.05188679245283019,2.4849066497880004
DEMO007,演示DEMO007股份有限公司,制造业,2021,5,0,1,3,7,16,218,0.07339449541284404,2.833213344056216
DEMO007,演示DEMO007股份有限公司,制造业,2022,1,1,1,5,5,13,214,0.06074766355140187,2.6390573296152584
DEMO007,演示DEMO007股份有限公司,制造业,2023,3,2,2,3,2,12,240,0.05,2.5649493574615367
DEMO007,演示DEMO007股份有限公司,制造业,2024,2,1,3,6,5,17,265,0.06415094339622641,2.8903717578961645
DEMO008,演示DEMO008股份有限公司,批发零售,2020,0,0,1,0,1,2,113,0.017699115044247787,1.0986122886681098
DEMO008,演示DEMO008股份有限公司,批发零售,2021,1,1,0,2,1,5,144,0.034722222222222224,1.791759469228055
DEMO008,演示DEMO008股份有限公司,批发零售,2022,4,1,1,0,3,9,186,0.04838709677419355,2.302585092994046
DEMO008,演示DEMO008股份有限公司,批发零售,2023,1,0,0,0,4,5,161,0.031055900621118012,1.791759469228055
DEMO008,演示DEMO008股份有限公司,批发零售,2024,4,4,1,4,1,14,263,0.053231939163498096,2.70805020110221
DEMO009,演示DEMO009股份有限公司,房地产,2020,0,1,0,0,1,2,139,0.014388489208633094,1.0986122886681098
DEMO009,演示DEMO009股份有限公司,房地产,2021,1,0,0,0,1,2,89,0.02247191011235955,1.0986122886681098
DEMO009,演示DEMO009股份有限公司,房地产,2022,0,1,0,2,2,5,140,0.03571428571428571,1.791759469228055
DEMO009,演示DEMO009股份有限公司,房地产,2023,0,1,2,0,0,3,165,0.01818181818181818,1.3862943611198906
DEMO009,演示DEMO009股份有限公司,房地产,2024,1,2,0,0,1,4,131,0.030534351145038167,1.6094379124341003
DEMO010,演示DEMO010股份有限公司,农林牧渔,2020,0,1,0,0,1,2,118,0.01694915254237288,1.0986122886681098
DEMO010,演示DEMO010股份有限公司,农林牧渔,2021,1,0,0,0,0,1,117,0.008547008547008548,0.6931471805599453
DEMO010,演示DEMO010股份有限公司,农林牧渔,2022,0,0,1,1,0,2,102,0.0196078431372549,1.0986122886681098
DEMO010,演示DEMO010股份有限公司,农林牧渔,2023,0,2,2,0,2,6,130,0.046153846153846156,1.9459101490553132
DEMO010,演示DEMO010股份有限公司,农林牧渔,2024,0,3,0,2,2,7,159,0.0440251572327044,2.0794415416798357
DEMO011,演示DEMO011股份有限公司,信息技术,2020,2,2,1,4,1,10,173,0.057803468208092484,2.3978952727983707
DEMO011,演示DEMO011股份有限公司,信息技术,2021,2,2,1,3,1,9,213,0.04225352112676056,2.302585092994046
DEMO011,演示DEMO011股份有限公司,信息技术,2022,3,3,0,1,7,14,225,0.06222222222222222,2.70805020110221
DEMO011,演示DEMO011股份有限公司,信息技术,2023,4,1,1,2,0,8,201,0.03980099502487562,2.1972245773362196
DEMO011,演示DEMO011股份有限公司,信息技术,2024,2,2,2,1,1,8,195,0.041025641025641026,2.1972245773362196
DEMO012,演示DEMO012股份有限公司,制造业,2020,0,0,1,2,0,3,115,0.02608695652173913,1.3862943611198906
DEMO012,演示DEMO012股份有限公司,制造业,2021,2,1,0,2,3,8,161,0.049689440993788817,2.1972245773362196
DEMO012,演示DEMO012股份有限公司,制造业,2022,0,1,1,3,1,6,147,0.04081632653061224,1.9459101490553132
DEMO012,演示DEMO012股份有限公司,制造业,2023,2,1,0,0,4,7,161,0.043478260869565216,2.0794415416798357
DEMO012,演示DEMO012股份有限公司,制造业,2024,2,4,1,1,1,9,198,0.045454545454545456,2.302585092994046
DEMO013,演示DEMO013股份有限公司,批发零售,2020,1,1,0,3,0,5,159,0.031446540880503145,1.791759469228055
DEMO013,演示DEMO013股份有限公司,批发零售,2021,0,1,0,1,0,2,151,0.013245033112582781,1.0986122886681098
DEMO013,演示DEMO013股份有限公司,批发零售,2022,3,0,1,2,1,7,171,0.04093567251461988,2.0794415416798357
DEMO013,演示DEMO013股份有限公司,批发零售,2023,1,1,1,1,2,6,184,0.03260869565217391,1.9459101490553132
DEMO013,演示DEMO013股份有限公司,批发零售,2024,3,0,0,6,1,10,174,0.05747126436781609,2.3978952727983707
DEMO014,演示DEMO014股份有限公司,房地产,2020,0,0,0,0,0,0,66,0.0,0.0
DEMO014,演示DEMO014股份有限公司,房地产,2021,0,1,0,0,0,1,112,0.008928571428571428,0.6931471805599453
DEMO014,演示DEMO014股份有限公司,房地产,2022,0,1,0,0,1,2,87,0.022988505747126436,1.0986122886681098
DEMO014,演示DEMO014股份有限公司,房地产,2023,1,2,0,0,0,3,153,0.0196078431372549,1.3862943611198906
DEMO014,演示DEMO014股份有限公司,房地产,2024,2,0,0,1,0,3,122,0.02459016393442623,1.3862943611198906
DEMO015,演示DEMO015股份有限公司,农林牧渔,2020,0,0,0,0,0,0,104,0.0,0.0
DEMO015,演示DEMO015股份有限公司,农林牧渔,2021,0,1,0,0,0,1,84,0.011904761904761904,0.6931471805599453
DEMO015,演示DEMO015股份有限公司,农林牧渔,2022,1,0,0,2,0,3,89,0.033707865168539325,1.3862943611198906
DEMO015,演示DEMO015股份有限公司,农林牧渔,2023,0,0,0,0,0,0,118,0.0,0.0
DEMO015,演示DEMO015股份有限公司,农林牧渔,2024,0,0,0,0,1,1,129,0.007751937984496124,0.6931471805599453
DEMO016,演示DEMO016股份有限公司,信息技术,2020,0,5,1,2,1,9,213,0.04225352112676056,2.302585092994046
DEMO016,演示DEMO016股份有限公司,信息技术,2021,6,2,1,2,4,15,234,0.0641025641025641,2.772588722239781
DEMO016,演示DEMO016股份有限公司,信息技术,2022,6,3,1,4,3,17,245,0.06938775510204082,2.8903717578961645
DEMO016,演示DEMO016股份有限公司,信息技术,2023,6,6,0,3,6,21,294,0.07142857142857142,3.091042453358316
DEMO016,演示DEMO016股份有限公司,信息技术,2024,0,0,0,3,4,7,200,0.035,2.0794415416798357
DEMO017,演示DEMO017股份有限公司,制造业,2020,2,1,0,2,0,5,143,0.03496503496503497,1.791759469228055
DEMO017,演示DEMO017股份有限公司,制造业,2021,0,1,0,0,0,1,107,0.009345794392523364,0.6931471805599453
DEMO017,演示DEMO017股份有限公司,制造业,2022,1,3,2,1,0,7,174,0.040229885057471264,2.0794415416798357
DEMO017,演示DEMO017股份有限公司,制造业,2023,3,0,0,2,1,6,154,0.03896103896103896,1.9459101490553132
DEMO017,演示DEMO017股份有限公司,制造业,2024,2,1,0,0,2,5,133,0.03759398496240601,1.791759469228055
DEMO018,演示DEMO018股份有限公司,批发零售,2020,0,3,0,0,1,4,154,0.025974025974025976,1.6094379124341003
DEMO018,演示DEMO018股份有限公司,批发零售,2021,2,1,0,1,1,5,144,0.034722222222222224,1.791759469228055
DEMO018,演示DEMO018股份有限公司,批发零售,2022,0,0,1,0,0,1,118,0.00847457627118644,0.6931471805599453
DEMO018,演示DEMO018股份有限公司,批发零售,2023,0,2,1,5,0,8,174,0.04597701149425287,2.1972245773362196
DEMO018,演示DEMO018股份有限公司,批发零售,2024,3,2,0,1,1,7,151,0.046357615894039736,2.0794415416798357
DEMO019,演示DEMO019股份有限公司,房地产,2020,1,0,0,0,1,2,120,0.016666666666666666,1.0986122886681098
DEMO019,演示DEMO019股份有限公司,房地产,2021,0,1,0,0,0,1,112,0.008928571428571428,0.6931471805599453
DEMO019,演示DEMO019股份有限公司,房地产,2022,0,0,0,2,0,2,111,0.018018018018018018,1.0986122886681098
DEMO019,演示DEMO019股份有限公司,房地产,2023,0,0,1,1,0,2,103,0.019417475728155338,1.0986122886681098
DEMO019,演示DEMO019股份有限公司,房地产,2024,1,2,0,1,0,4,115,0.034782608695652174,1.6094379124341003
DEMO020,演示DEMO020股份有限公司,农林牧渔,2020,0,0,0,0,0,0,98,0.0,0.0
DEMO020,演示DEMO020股份有限公司,农林牧渔,2021,1,0,0,0,0,1,113,0.008849557522123894,0.6931471805599453
DEMO020,演示DEMO020股份有限公司,农林牧渔,2022,0,1,0,0,0,1,100,0.01,0.6931471805599453
DEMO020,演示DEMO020股份有限公司,农林牧渔,2023,0,0,1,0,0,1,105,0.009523809523809525,0.6931471805599453
DEMO020,演示DEMO020股份有限公司,农林牧渔,2024,0,0,0,0,0,0,102,0.0,0.0
DEMO021,演示DEMO021股份有限公司,信息技术,2020,5,4,3,2,2,16,265,0.06037735849056604,2.833213344056216
DEMO021,演示DEMO021股份有限公司,信息技术,2021,6,2,2,5,5,20,321,0.06230529595015576,3.044522437723423
DEMO021,演示DEMO021股份有限公司,信息技术,2022,6,4,1,6,6,23,366,0.06284153005464481,3.1780538303479458
DEMO021,演示DEMO021股份有限公司,信息技术,2023,6,5,4,4,5,24,314,0.07643312101910828,3.2188758248682006
DEMO021,演示DEMO021股份有限公司,信息技术,2024,6,5,0,6,6,23,321,0.07165109034267912,3.1780538303479458
DEMO022,演示DEMO022股份有限公司,制造业,2020,2,0,0,3,4,9,171,0.05263157894736842,2.302585092994046
DEMO022,演示DEMO022股份有限公司,制造业,2021,1,2,0,2,0,5,166,0.030120481927710843,1.791759469228055
DEMO022,演示DEMO022股份有限公司,制造业,2022,3,1,2,1,1,8,180,0.044444444444444446,2.1972245773362196
DEMO022,演示DEMO022股份有限公司,制造业,2023,2,2,0,2,2,8,158,0.05063291139240506,2.1972245773362196
DEMO022,演示DEMO022股份有限公司,制造业,2024,1,2,0,4,1,8,190,0.042105263157894736,2.1972245773362196
DEMO023,演示DEMO023股份有限公司,批发零售,2020,2,0,0,2,5,9,158,0.056962025316455694,2.302585092994046
DEMO023,演示DEMO023股份有限公司,批发零售,2021,0,0,2,2,0,4,136,0.029411764705882353,1.6094379124341003
DEMO023,演示DEMO023股份有限公司,批发零售,2022,3,0,1,0,2,6,147,0.04081632653061224,1.9459101490553132
DEMO023,演示DEMO023股份有限公司,批发零售,2023,2,1,0,6,0,9,225,0.04,2.302585092994046
DEMO023,演示DEMO023股份有限公司,批发零售,2024,1,1,1,4,0,7,186,0.03763440860215054,2.0794415416798357
DEMO024,演示DEMO024股份有限公司,房地产,2020,0,0,0,0,0,0,86,0.0,0.0
DEMO024,演示DEMO024股份有限公司,房地产,2021,0,0,0,1,0,1,132,0.007575757575757576,0.6931471805599453
DEMO024,演示DEMO024股份有限公司,房地产,2022,0,0,0,0,0,0,66,0.0,0.0
DEMO024,演示DEMO024股份有限公司,房地产,2023,0,0,0,1,0,1,107,0.009345794392523364,0.6931471805599453
DEMO024,演示DEMO024股份有限公司,房地产,2024,1,1,0,0,0,2,108,0.018518518518518517,1.0986122886681098
DEMO025,演示DEMO025股份有限公司,农林牧渔,2020,0,0,0,0,0,0,89,0.0,0.0
DEMO025,演示DEMO025股份有限公司,农林牧渔,2021,0,0,0,0,0,0,104,0.0,0.0
DEMO025,演示DEMO025股份有限公司,农林牧渔,2022,0,1,0,0,0,1,109,0.009174311926605505,0.6931471805599453
DEMO025,演示DEMO025股份有限公司,农林牧渔,2023,2,0,0,0,0,2,108,0.018518518518518517,1.0986122886681098
DEMO025,演示DEMO025股份有限公司,农林牧渔,2024,0,0,0,0,0,0,105,0.0,0.0
DEMO026,演示DEMO026股份有限公司,信息技术,2020,5,3,0,4,8,20,263,0.07604562737642585,3.044522437723423
DEMO026,演示DEMO026股份有限公司,信息技术,2021,6,4,1,0,0,11,209,0.05263157894736842,2.4849066497880004
DEMO026,演示DEMO026股份有限公司,信息技术,2022,6,4,0,2,2,14,221,0.06334841628959276,2.70805020110221
DEMO026,演示DEMO026股份有限公司,信息技术,2023,5,6,2,5,6,24,318,0.07547169811320754,3.2188758248682006
DEMO026,演示DEMO026股份有限公司,信息技术,2024,6,1,2,6,4,19,278,0.0683453237410072,2.995732273553991
DEMO027,演示DEMO027股份有限公司,制造业,2020,1,0,0,2,0,3,138,0.021739130434782608,1.3862943611198906
DEMO027,演示DEMO027股份有限公司,制造业,2021,1,0,0,1,1,3,125,0.024,1.3862943611198906
DEMO027,演示DEMO027股份有限公司,制造业,2022,0,2,1,1,1,5,169,0.029585798816568046,1.791759469228055
DEMO027,演示DEMO027股份有限公司,制造业,2023,1,1,1,1,1,5,153,0.032679738562091505,1.791759469228055
DEMO027,演示DEMO027股份有限公司,制造业,2024,1,1,1,0,3,6,164,0.036585365853658534,1.9459101490553132
DEMO028,演示DEMO028股份有限公司,批发零售,2020,2,0,0,0,0,2,145,0.013793103448275862,1.0986122886681098
DEMO028,演示DEMO028股份有限公司,批发零售,2021,3,0,0,0,3,6,159,0.03773584905660377,1.9459101490553132
DEMO028,演示DEMO028股份有限公司,批发零售,2022,1,1,0,1,3,6,147,0.04081632653061224,1.9459101490553132
DEMO028,演示DEMO028股份有限公司,批发零售,2023,3,3,0,1,3,10,192,0.052083333333333336,2.3978952727983707
DEMO028,演示DEMO028股份有限公司,批发零售,2024,1,3,0,1,2,7,176,0.03977272727272727,2.0794415416798357
DEMO029,演示DEMO029股份有限公司,房地产,2020,0,1,1,0,0,2,98,0.02040816326530612,1.0986122886681098
DEMO029,演示DEMO029股份有限公司,房地产,2021,0,1,1,0,0,2,125,0.016,1.0986122886681098
DEMO029,演示DEMO029股份有限公司,房地产,2022,2,0,0,0,3,5,160,0.03125,1.791759469228055
DEMO029,演示DEMO029股份有限公司,房地产,2023,0,0,0,1,0,1,125,0.008,0.6931471805599453
DEMO029,演示DEMO029股份有限公司,房地产,2024,0,0,0,0,1,1,117,0.008547008547008548,0.6931471805599453
DEMO030,演示DEMO030股份有限公司,农林牧渔,2020,0,0,0,0,0,0,123,0.0,0.0
DEMO030,演示DEMO030股份有限公司,农林牧渔,2021,0,0,0,0,0,0,121,0.0,0.0
DEMO030,演示DEMO030股份有限公司,农林牧渔,2022,2,0,0,0,0,2,146,0.0136986301369863,1.0986122886681098
DEMO030,演示DEMO030股份有限公司,农林牧渔,2023,0,0,0,0,1,1,126,0.007936507936507936,0.6931471805599453
DEMO030,演示DEMO030股份有限公司,农林牧渔,2024,0,0,0,0,0,0,86,0.0,0.0
DEMO031,演示DEMO031股份有限公司,信息技术,2020,3,2,0,4,5,14,242,0.05785123966942149,2.70805020110221
DEMO031,演示DEMO031股份有限公司,信息技术,2021,3,3,2,2,1,11,217,0.05069124423963134,2.4849066497880004
DEMO031,演示DEMO031股份有限公司,信息技术,2022,3,2,1,4,0,10,200,0.05,2.3978952727983707
DEMO031,演示DEMO031股份有限公司,信息技术,2023,4,5,2,3,2,16,264,0.06060606060606061,2.833213344056216
DEMO031,演示DEMO031股份有限公司,信息技术,2024,6,4,1,2,5,18,306,0.058823529411764705,2.9444389791664403
DEMO032,演示DEMO032股份有限公司,制造业,2020,4,3,2,6,5,20,274,0.072992700729927,3.044522437723423
DEMO032,演示DEMO032股份有限公司,制造业,2021,4,3,1,1,3,12,246,0.04878048780487805,2.5649493574615367
DEMO032,演示DEMO032股份有限公司,制造业,2022,6,4,0,6,5,21,299,0.07023411371237458,3.091042453358316
DEMO032,演示DEMO032股份有限公司,制造业,2023,4,3,0,1,3,11,245,0.044897959183673466,2.4849066497880004
DEMO032,演示DEMO032股份有限公司,制造业,2024,6,2,5,6,3,22,295,0.07457627118644068,3.1354942159291497
DEMO033,演示DEMO033股份有限公司,批发零售,2020,1,0,0,1,2,4,150,0.02666666666666667,1.6094379124341003
DEMO033,演示DEMO033股份有限公司,批发零售,2021,0,0,0,1,7,8,164,0.04878048780487805,2.1972245773362196
DEMO033,演示DEMO033股份有限公司,批发零售,2022,1,1,0,0,0,2,125,0.016,1.0986122886681098
DEMO033,演示DEMO033股份有限公司,批发零售,2023,2,0,1,3,2,8,176,0.045454545454545456,2.1972245773362196
DEMO033,演示DEMO033股份有限公司,批发零售,2024,5,0,0,2,0,7,165,0.04242424242424243,2.0794415416798357
DEMO034,演示DEMO034股份有限公司,房地产,2020,0,0,1,0,0,1,99,0.010101010101010102,0.6931471805599453
DEMO034,演示DEMO034股份有限公司,房地产,2021,1,0,0,0,0,1,127,0.007874015748031496,0.6931471805599453
DEMO034,演示DEMO034股份有限公司,房地产,2022,1,0,0,1,0,2,98,0.02040816326530612,1.0986122886681098
DEMO034,演示DEMO034股份有限公司,房地产,2023,0,0,0,0,0,0,127,0.0,0.0
DEMO034,演示DEMO034股份有限公司,房地产,2024,0,0,0,0,0,0,64,0.0,0.0
DEMO035,演示DEMO035股份有限公司,农林牧渔,2020,1,0,0,1,1,3,127,0.023622047244094488,1.3862943611198906
DEMO035,演示DEMO035股份有限公司,农林牧渔,2021,2,1,0,0,0,3,101,0.0297029702970297,1.3862943611198906
DEMO035,演示DEMO035股份有限公司,农林牧渔,2022,0,0,0,1,0,1,94,0.010638297872340425,0.6931471805599453
DEMO035,演示DEMO035股份有限公司,农林牧渔,2023,0,0,0,0,0,0,80,0.0,0.0
DEMO035,演示DEMO035股份有限公司,农林牧渔,2024,2,1,1,0,2,6,166,0.03614457831325301,1.9459101490553132
DEMO036,演示DEMO036股份有限公司,信息技术,2020,3,1,0,5,1,10,203,0.04926108374384237,2.3978952727983707
DEMO036,演示DEMO036股份有限公司,信息技术,2021,4,4,0,0,2,10,189,0.05291005291005291,2.3978952727983707
DEMO036,演示DEMO036股份有限公司,信息技术,2022,3,3,2,4,2,14,210,0.06666666666666667,2.70805020110221
DEMO036,演示DEMO036股份有限公司,信息技术,2023,5,2,2,4,3,16,225,0.07111111111111111,2.833213344056216
DEMO036,演示DEMO036股份有限公司,信息技术,2024,3,2,1,3,2,11,212,0.05188679245283019,2.4849066497880004
DEMO037,演示DEMO037股份有限公司,制造业,2020,3,0,0,0,3,6,157,0.03821656050955414,1.9459101490553132
DEMO037,演示DEMO037股份有限公司,制造业,2021,3,3,0,4,0,10,175,0.05714285714285714,2.3978952727983707
DEMO037,演示DEMO037股份有限公司,制造业,2022,1,5,1,0,1,8,193,0.04145077720207254,2.1972245773362196
DEMO037,演示DEMO037股份有限公司,制造业,2023,2,1,1,2,1,7,157,0.044585987261146494,2.0794415416798357
DEMO037,演示DEMO037股份有限公司,制造业,2024,3,5,2,0,6,16,240,0.06666666666666667,2.833213344056216
DEMO038,演示DEMO038股份有限公司,批发零售,2020,0,0,0,0,1,1,126,0.007936507936507936,0.6931471805599453
DEMO038,演示DEMO038股份有限公司,批发零售,2021,0,0,0,0,0,0,115,0.0,0.0
DEMO038,演示DEMO038股份有限公司,批发零售,2022,0,0,1,0,2,3,109,0.027522935779816515,1.3862943611198906
DEMO038,演示DEMO038股份有限公司,批发零售,2023,1,1,0,0,2,4,104,0.038461538461538464,1.6094379124341003
DEMO038,演示DEMO038股份有限公司,批发零售,2024,1,1,0,0,0,2,140,0.014285714285714285,1.0986122886681098
DEMO039,演示DEMO039股份有限公司,房地产,2020,0,0,0,1,0,1,92,0.010869565217391304,0.6931471805599453
DEMO039,演示DEMO039股份有限公司,房地产,2021,0,0,0,0,0,0,92,0.0,0.0
DEMO039,演示DEMO039股份有限公司,房地产,2022,0,0,0,0,1,1,123,0.008130081300813009,0.6931471805599453
DEMO039,演示DEMO039股份有限公司,房地产,2023,0,0,0,1,0,1,132,0.007575757575757576,0.6931471805599453
DEMO039,演示DEMO039股份有限公司,房地产,2024,2,0,0,0,1,3,145,0.020689655172413793,1.3862943611198906
DEMO040,演示DEMO040股份有限公司,农林牧渔,2020,0,0,0,0,0,0,94,0.0,0.0
DEMO040,演示DEMO040股份有限公司,农林牧渔,2021,2,2,0,0,0,4,112,0.03571428571428571,1.6094379124341003
DEMO040,演示DEMO040股份有限公司,农林牧渔,2022,0,0,0,0,1,1,110,0.00909090909090909,0.6931471805599453
DEMO040,演示DEMO040股份有限公司,农林牧渔,2023,0,2,0,1,0,3,138,0.021739130434782608,1.3862943611198906
DEMO040,演示DEMO040股份有限公司,农林牧渔,2024,0,0,0,1,1,2,100,0.02,1.0986122886681098
DEMO041,演示DEMO041股份有限公司,信息技术,2020,4,2,3,2,2,13,220,0.05909090909090909,2.6390573296152584
DEMO041,演示DEMO041股份有限公司,信息技术,2021,5,1,0,6,5,17,285,0.05964912280701754,2.8903717578961645
DEMO041,演示DEMO041股份有限公司,信息技术,2022,6,4,1,6,3,20,285,0.07017543859649122,3.044522437723423
DEMO041,演示DEMO041股份有限公司,信息技术,2023,6,6,2,1,6,21,309,0.06796116504854369,3.091042453358316
DEMO041,演示DEMO041股份有限公司,信息技术,2024,6,1,2,5,6,20,280,0.07142857142857142,3.044522437723423
DEMO042,演示DEMO042股份有限公司,制造业,2020,1,2,3,0,4,10,190,0.05263157894736842,2.3978952727983707
DEMO042,演示DEMO042股份有限公司,制造业,2021,6,2,0,1,2,11,244,0.045081967213114756,2.4849066497880004
DEMO042,演示DEMO042股份有限公司,制造业,2022,2,6,2,0,4,14,210,0.06666666666666667,2.70805020110221
DEMO042,演示DEMO042股份有限公司,制造业,2023,5,3,0,1,2,11,224,0.049107142857142856,2.4849066497880004
DEMO042,演示DEMO042股份有限公司,制造业,2024,4,3,2,3,2,14,245,0.05714285714285714,2.70805020110221
DEMO043,演示DEMO043股份有限公司,批发零售,2020,3,0,0,1,0,4,139,0.02877697841726619,1.6094379124341003
DEMO043,演示DEMO043股份有限公司,批发零售,2021,1,1,0,0,1,3,135,0.022222222222222223,1.3862943611198906
DEMO043,演示DEMO043股份有限公司,批发零售,2022,2,0,3,1,0,6,143,0.04195804195804196,1.9459101490553132
DEMO043,演示DEMO043股份有限公司,批发零售,2023,1,1,2,1,2,7,174,0.040229885057471264,2.0794415416798357
DEMO043,演示DEMO043股份有限公司,批发零售,2024,3,2,1,1,3,10,158,0.06329113924050633,2.3978952727983707
DEMO044,演示DEMO044股份有限公司,房地产,2020,0,0,0,0,2,2,104,0.019230769230769232,1.0986122886681098
DEMO044,演示DEMO044股份有限公司,房地产,2021,0,0,0,2,0,2,115,0.017391304347826087,1.0986122886681098
DEMO044,演示DEMO044股份有限公司,房地产,2022,0,3,0,3,1,7,131,0.05343511450381679,2.0794415416798357
DEMO044,演示DEMO044股份有限公司,房地产,2023,1,0,0,0,4,5,157,0.03184713375796178,1.791759469228055
DEMO044,演示DEMO044股份有限公司,房地产,2024,0,2,0,1,3,6,122,0.04918032786885246,1.9459101490553132
DEMO045,演示DEMO045股份有限公司,农林牧渔,2020,0,0,0,0,0,0,96,0.0,0.0
DEMO045,演示DEMO045股份有限公司,农林牧渔,2021,0,0,0,0,0,0,76,0.0,0.0
DEMO045,演示DEMO045股份有限公司,农林牧渔,2022,0,1,0,0,0,1,118,0.00847457627118644,0.6931471805599453
DEMO045,演示DEMO045股份有限公司,农林牧渔,2023,0,0,0,0,0,0,106,0.0,0.0
DEMO045,演示DEMO045股份有限公司,农林牧渔,2024,0,0,0,2,1,3,145,0.020689655172413793,1.3862943611198906
DEMO046,演示DEMO046股份有限公司,信息技术,2020,1,4,1,1,4,11,235,0.04680851063829787,2.4849066497880004
DEMO046,演示DEMO046股份有限公司,信息技术,2021,2,3,0,2,3,10,199,0.05025125628140704,2.3978952727983707
DEMO046,演示DEMO046股份有限公司,信息技术,2022,3,1,0,5,2,11,183,0.060109289617486336,2.4849066497880004
DEMO046,演示DEMO046股份有限公司,信息技术,2023,5,3,3,6,1,18,289,0.06228373702422145,2.9444389791664403
DEMO046,演示DEMO046股份有限公司,信息技术,2024,1,0,3,0,5,9,203,0.04433497536945813,2.302585092994046
DEMO047,演示DEMO047股份有限公司,制造业,2020,0,2,0,1,1,4,139,0.02877697841726619,1.6094379124341003
DEMO047,演示DEMO047股份有限公司,制造业,2021,2,3,1,1,1,8,170,0.047058823529411764,2.1972245773362196
DEMO047,演示DEMO047股份有限公司,制造业,2022,1,0,0,2,1,4,165,0.024242424242424242,1.6094379124341003
DEMO047,演示DEMO047股份有限公司,制造业,2023,4,0,0,2,1,7,175,0.04,2.0794415416798357
DEMO047,演示DEMO047股份有限公司,制造业,2024,4,2,0,4,1,11,185,0.05945945945945946,2.4849066497880004
DEMO048,演示DEMO048股份有限公司,批发零售,2020,0,1,2,2,1,6,162,0.037037037037037035,1.9459101490553132
DEMO048,演示DEMO048股份有限公司,批发零售,2021,1,2,0,3,4,10,201,0.04975124378109453,2.3978952727983707
DEMO048,演示DEMO048股份有限公司,批发零售,2022,2,3,3,3,4,15,228,0.06578947368421052,2.772588722239781
DEMO048,演示DEMO048股份有限公司,批发零售,2023,1,0,1,2,1,5,137,0.0364963503649635,1.791759469228055
DEMO048,演示DEMO048股份有限公司,批发零售,2024,4,5,0,1,5,15,237,0.06329113924050633,2.772588722239781
DEMO049,演示DEMO049股份有限公司,房地产,2020,0,1,0,0,0,1,101,0.009900990099009901,0.6931471805599453
DEMO049,演示DEMO049股份有限公司,房地产,2021,0,0,0,1,1,2,114,0.017543859649122806,1.0986122886681098
DEMO049,演示DEMO049股份有限公司,房地产,2022,4,0,0,1,4,9,198,0.045454545454545456,2.302585092994046
DEMO049,演示DEMO049股份有限公司,房地产,2023,0,0,0,0,1,1,136,0.007352941176470588,0.6931471805599453
DEMO049,演示DEMO049股份有限公司,房地产,2024,1,0,0,3,3,7,146,0.04794520547945205,2.0794415416798357
DEMO050,演示DEMO050股份有限公司,农林牧渔,2020,0,0,0,0,1,1,92,0.010869565217391304,0.6931471805599453
DEMO050,演示DEMO050股份有限公司,农林牧渔,2021,0,0,0,0,0,0,108,0.0,0.0
DEMO050,演示DEMO050股份有限公司,农林牧渔,2022,2,0,0,2,0,4,151,0.026490066225165563,1.6094379124341003
DEMO050,演示DEMO050股份有限公司,农林牧渔,2023,0,0,0,0,0,0,117,0.0,0.0
DEMO050,演示DEMO050股份有限公司,农林牧渔,2024,0,0,1,0,0,1,114,0.008771929824561403,0.6931471805599453
DEMO051,演示DEMO051股份有限公司,信息技术,2020,3,3,2,6,3,17,274,0.06204379562043796,2.8903717578961645
DEMO051,演示DEMO051股份有限公司,信息技术,2021,4,1,2,6,4,17,299,0.056856187290969896,2.8903717578961645
DEMO051,演示DEMO051股份有限公司,信息技术,2022,5,0,0,1,7,13,248,0.05241935483870968,2.6390573296152584
DEMO051,演示DEMO051股份有限公司,信息技术,2023,4,1,1,6,5,17,253,0.06719367588932806,2.8903717578961645
DEMO051,演示DEMO051股份有限公司,信息技术,2024,3,5,3,6,5,22,348,0.06321839080459771,3.1354942159291497
DEMO052,演示DEMO052股份有限公司,制造业,2020,1,1,0,1,1,4,127,0.031496062992125984,1.6094379124341003
DEMO052,演示DEMO052股份有限公司,制造业,2021,1,2,0,0,2,5,205,0.024390243902439025,1.791759469228055
DEMO052,演示DEMO052股份有限公司,制造业,2022,2,1,0,4,0,7,173,0.04046242774566474,2.0794415416798357
DEMO052,演示DEMO052股份有限公司,制造业,2023,0,2,0,0,3,5,185,0.02702702702702703,1.791759469228055
DEMO052,演示DEMO052股份有限公司,制造业,2024,0,2,0,2,0,4,130,0.03076923076923077,1.6094379124341003
DEMO053,演示DEMO053股份有限公司,批发零售,2020,0,0,0,0,0,0,105,0.0,0.0
DEMO053,演示DEMO053股份有限公司,批发零售,2021,0,0,0,1,0,1,87,0.011494252873563218,0.6931471805599453
DEMO053,演示DEMO053股份有限公司,批发零售,2022,1,0,0,1,0,2,108,0.018518518518518517,1.0986122886681098
DEMO053,演示DEMO053股份有限公司,批发零售,2023,2,1,0,3,0,6,140,0.04285714285714286,1.9459101490553132
DEMO053,演示DEMO053股份有限公司,批发零售,2024,0,2,0,1,3,6,141,0.0425531914893617,1.9459101490553132
DEMO054,演示DEMO054股份有限公司,房地产,2020,0,1,1,0,1,3,157,0.01910828025477707,1.3862943611198906
DEMO054,演示DEMO054股份有限公司,房地产,2021,2,0,0,0,1,3,135,0.022222222222222223,1.3862943611198906
DEMO054,演示DEMO054股份有限公司,房地产,2022,3,0,1,0,0,4,108,0.037037037037037035,1.6094379124341003
DEMO054,演示DEMO054股份有限公司,房地产,2023,1,2,0,1,2,6,167,0.03592814371257485,1.9459101490553132
DEMO054,演示DEMO054股份有限公司,房地产,2024,3,0,0,1,3,7,175,0.04,2.0794415416798357
DEMO055,演示DEMO055股份有限公司,农林牧渔,2020,1,0,0,0,0,1,98,0.01020408163265306,0.6931471805599453
DEMO055,演示DEMO055股份有限公司,农林牧渔,2021,1,1,0,0,0,2,136,0.014705882352941176,1.0986122886681098
DEMO055,演示DEMO055股份有限公司,农林牧渔,2022,1,0,0,2,0,3,146,0.02054794520547945,1.3862943611198906
DEMO055,演示DEMO055股份有限公司,农林牧渔,2023,2,0,0,0,0,2,124,0.016129032258064516,1.0986122886681098
DEMO055,演示DEMO055股份有限公司,农林牧渔,2024,2,0,0,1,0,3,128,0.0234375,1.3862943611198906
DEMO056,演示DEMO056股份有限公司,信息技术,2020,2,3,2,3,3,13,218,0.05963302752293578,2.6390573296152584
DEMO056,演示DEMO056股份有限公司,信息技术,2021,6,4,3,2,3,18,294,0.061224489795918366,2.9444389791664403
DEMO056,演示DEMO056股份有限公司,信息技术,2022,6,4,2,5,2,19,297,0.06397306397306397,2.995732273553991
DEMO056,演示DEMO056股份有限公司,信息技术,2023,4,4,5,6,3,22,301,0.07308970099667775,3.1354942159291497
DEMO056,演示DEMO056股份有限公司,信息技术,2024,1,5,1,6,7,20,335,0.05970149253731343,3.044522437723423
DEMO057,演示DEMO057股份有限公司,制造业,2020,2,0,0,2,0,4,122,0.03278688524590164,1.6094379124341003
DEMO057,演示DEMO057股份有限公司,制造业,2021,3,0,0,0,0,3,147,0.02040816326530612,1.3862943611198906
DEMO057,演示DEMO057股份有限公司,制造业,2022,2,3,0,1,3,9,192,0.046875,2.302585092994046
DEMO057,演示DEMO057股份有限公司,制造业,2023,0,2,0,1,0,3,132,0.022727272727272728,1.3862943611198906
DEMO057,演示DEMO057股份有限公司,制造业,2024,1,1,0,0,1,3,153,0.0196078431372549,1.3862943611198906
DEMO058,演示DEMO058股份有限公司,批发零售,2020,0,0,0,0,1,1,77,0.012987012987012988,0.6931471805599453
DEMO058,演示DEMO058股份有限公司,批发零售,2021,1,0,0,1,1,3,110,0.02727272727272727,1.3862943611198906
DEMO058,演示DEMO058股份有限公司,批发零售,2022,0,0,1,1,2,4,132,0.030303030303030304,1.6094379124341003
DEMO058,演示DEMO058股份有限公司,批发零售,2023,1,1,2,0,3,7,159,0.0440251572327044,2.0794415416798357
DEMO058,演示DEMO058股份有限公司,批发零售,2024,0,1,2,1,1,5,166,0.030120481927710843,1.791759469228055
DEMO059,演示DEMO059股份有限公司,房地产,2020,1,2,2,1,2,8,131,0.061068702290076333,2.1972245773362196
DEMO059,演示DEMO059股份有限公司,房地产,2021,2,0,0,1,0,3,158,0.0189873417721519,1.3862943611198906
DEMO059,演示DEMO059股份有限公司,房地产,2022,3,1,1,1,1,7,158,0.04430379746835443,2.0794415416798357
DEMO059,演示DEMO059股份有限公司,房地产,2023,1,1,0,0,0,2,126,0.015873015873015872,1.0986122886681098
DEMO059,演示DEMO059股份有限公司,房地产,2024,2,1,1,0,0,4,127,0.031496062992125984,1.6094379124341003
DEMO060,演示DEMO060股份有限公司,农林牧渔,2020,0,0,0,1,0,1,76,0.013157894736842105,0.6931471805599453
DEMO060,演示DEMO060股份有限公司,农林牧渔,2021,0,0,0,1,1,2,104,0.019230769230769232,1.0986122886681098
DEMO060,演示DEMO060股份有限公司,农林牧渔,2022,1,0,0,1,1,3,125,0.024,1.3862943611198906
DEMO060,演示DEMO060股份有限公司,农林牧渔,2023,0,1,1,3,1,6,132,0.045454545454545456,1.9459101490553132
DEMO060,演示DEMO060股份有限公司,农林牧渔,2024,0,0,0,2,0,2,121,0.01652892561983471,1.0986122886681098
